{
  "slope": -0.9877777468153436,
  "slope_ci95": [
    -0.9877777468153437,
    -0.9877777468153435
  ],
  "intercept": 1.0056622066967066e-17,
  "intercept_ci95": [
    -3.876701753112238e-17,
    5.888026166505651e-17
  ],
  "R2": 1.0,
  "n": 21,
  "slope_rel_err_vs_2pi": 1.1572097110818365
}