{
  "ab": {
    "slope": -0.9877777468153436,
    "slope_ci95": [
      -0.9877777468153437,
      -0.9877777468153435
    ],
    "intercept": 1.0056622066967066e-17,
    "intercept_ci95": [
      -3.876701753112238e-17,
      5.888026166505651e-17
    ],
    "R2": 1.0,
    "n": 21,
    "slope_rel_err_vs_2pi": 1.1572097110818365
  },
  "theta_only": {
    "slope": 6.283185307179586,
    "slope_ci95": [
      6.283185307179586,
      6.283185307179586
    ],
    "intercept": -5.427130944348496e-17,
    "intercept_ci95": [
      -5.959655849582131e-17,
      -4.894606039114861e-17
    ],
    "R2": 1.0,
    "n": 21,
    "slope_rel_err_vs_2pi": 0.0
  },
  "lockin": {
    "snr_on_over_off": 1069.8546159198308,
    "shape_corr_vs_absJ1": 0.9999997152395563,
    "f_drive_Hz": 47.0,
    "Fs": 2000,
    "T_sec": 2.0,
    "phi_em_frac": 0.35
  },
  "checks": {
    "stokes_Phi_Wb": 2.0678338484619295e-15,
    "circ_out_Wb": 6.879932923496267e-23,
    "circ_in_Wb": -2.0678341199339837e-15,
    "stokes_rel_err": 2.0000001312833016,
    "topo_bend_std_rad": 0.0009369697207507026,
    "topo_bend_maxabs_rad": 2.910081827529856
  }
}