{
  "phi_frac": 0.43,
  "errs": [
    4.904269833083674e-05,
    1.2200562095721068e-05,
    3.04375449200478e-06,
    7.612293324577024e-07,
    1.9143020724143867e-07,
    4.908429529493219e-08
  ],
  "Ns": [
    200,
    400,
    800,
    1600,
    3200,
    6400
  ]
}