ell,Energy_J
-6,2.5489519542692465e-22
-5,1.776624538988266e-22
-4,1.1433123395067077e-22
-3,6.490153521187273e-23
-2,2.937335801304061e-23
-1,7.746702409906718e-24
0,2.156798805982722e-26
1,6.197955189374179e-24
2,2.627586404217428e-23
3,6.025529386236713e-23
4,1.0813624538174068e-22
5,1.6991871854722352e-22
6,2.456027130563914e-22
