{
  "max_abs_diff_rad": 0.02108407127789811,
  "rms_diff_rad": 0.01217289422790769
}