{
  "a": 6.2831864412752845,
  "b": 6.2831853071795845,
  "c": 0.0,
  "R2": 1.0
}