{
  "slope": 6.283185307179586,
  "slope_ci95": [
    6.283185307179586,
    6.283185307179586
  ],
  "intercept": -5.427130944348496e-17,
  "intercept_ci95": [
    -5.959655849582131e-17,
    -4.894606039114861e-17
  ],
  "R2": 1.0,
  "n": 21,
  "slope_rel_err_vs_2pi": 0.0
}